{
  "private": true,
  "scripts": {
    "tsc": "tsc",
    "start": "node build/auction-rest-server-angular.js",
    "dev": "nodemon build/my-express-server.js",
    "devRest": "nodemon build/auction-rest-server.js",
    "restServer": "nodemon build/auction-rest-server-angular.js",
    "simpleWsServer": "node build/simple-websocket-server.js",
    "twowayWsServer": "nodemon build/two-way-websocket-server.js",
    "bidServer": "nodemon build/bids/bid-server.js"
  },
  "dependencies": {
    "@angular/animations": "^4.1.3",
    "@angular/common": "^4.1.3",
    "@angular/compiler": "^4.1.3",
    "@angular/compiler-cli": "^4.1.3",
    "@angular/core": "^4.1.3",
    "@angular/forms": "^4.1.3",
    "@angular/http": "^4.1.3",
    "@angular/material": "^2.0.0-beta.6",
    "@angular/platform-browser": "^4.1.3",
    "@angular/platform-browser-dynamic": "^4.1.3",
    "@angular/platform-server": "^4.1.3",
    "@angular/router": "^4.1.3",
    "@types/es6-shim": "0.0.30",
    "@types/express": "4.0.31",
    "@types/node": "4.0.30",
    "@types/ws": "0.0.29",
    "aws-sdk": "^2.27.0",
    "core-js": "2.4.0",
    "express": "4.14.0",
    "hammerjs": "2.0.8",
    "rxjs": "5.0.3",
    "systemjs": "0.19.37",
    "typescript": "^2.3.4",
    "ws": "^1.1.1",
    "zone.js": "^0.8.11"
  },
  "devDependencies": {
    "@types/es6-shim": "0.0.30",
    "@types/ws": "0.0.29",
    "css-loader": "^0.28.4",
    "html-loader": "^0.4.5",
    "nodemon": "^1.8.1",
    "raw-loader": "^0.5.1",
    "style-loader": "^0.18.1",
    "ts-loader": "^2.1.0",
    "typescript": "^2.3.4",
    "webpack": "^2.6.1",
    "webpack-dev-server": "^2.4.5"
  }
}
